{
  "checkpoint": "/home/j/Projects/SleepyDreamyV3/runs/02-14_071442/checkpoints/checkpoint_step_150000.pt",
  "checkpoint_step": 150000,
  "episodes": 2,
  "max_steps_per_episode": 1200,
  "avg_return": -21.0,
  "avg_length": 824.5,
  "win_rate": 0.0,
  "action_hist_fraction": {
    "0": 0.0,
    "1": 0.0,
    "2": 0.0,
    "3": 0.5130382049727107,
    "4": 0.48696179502728926,
    "5": 0.0
  },
  "wm_reward_pred_abs_error_mean": 0.05079862419707325,
  "wm_continue_pred_done_mean": 0.9999999403953552,
  "wm_continue_pred_not_done_mean": 0.9999986222894828,
  "wm_recon_l1_mean": 0.010154035654011606,
  "kl_dynamics_raw_mean": 1.816401546376542,
  "kl_representation_raw_mean": 1.932437494569065,
  "posterior_entropy_mean": 0.19901282287424735,
  "actor_entropy_mean": 0.9179628072253169
}