{
  "checkpoint": "/home/j/Projects/SleepyDreamyV3/runs/02-17_213334/checkpoints/checkpoint_step_15000.pt",
  "checkpoint_step": 15000,
  "episodes": 5,
  "max_steps_per_episode": 2000,
  "policy_mode": "argmax",
  "avg_return": -21.0,
  "avg_length": 758.4,
  "win_rate": 0.0,
  "action_hist_fraction": {
    "0": 1.0,
    "1": 0.0,
    "2": 0.0,
    "3": 0.0,
    "4": 0.0,
    "5": 0.0
  },
  "wm_reward_pred_abs_error_mean": 0.0506595389756378,
  "wm_continue_pred_done_mean": 0.999993085861206,
  "wm_continue_pred_not_done_mean": 0.9999932194876741,
  "wm_recon_l1_mean": 0.005464518178973489,
  "kl_dynamics_raw_mean": 0.002206374223720049,
  "kl_representation_raw_mean": 0.005580475635640667,
  "posterior_entropy_mean": 0.9812460654584164,
  "actor_entropy_mean": 1.6819921168596936
}