{
  "checkpoint": "/home/j/Projects/SleepyDreamyV3/runs/02-14_071442/checkpoints/checkpoint_step_100000.pt",
  "checkpoint_step": 100000,
  "episodes": 2,
  "max_steps_per_episode": 1200,
  "avg_return": -21.0,
  "avg_length": 764.0,
  "win_rate": 0.0,
  "action_hist_fraction": {
    "0": 0.0,
    "1": 0.0,
    "2": 0.01767015706806283,
    "3": 0.2951570680628272,
    "4": 0.68717277486911,
    "5": 0.0
  },
  "wm_reward_pred_abs_error_mean": 0.055141359677300786,
  "wm_continue_pred_done_mean": 1.0,
  "wm_continue_pred_not_done_mean": 0.999994270962469,
  "wm_recon_l1_mean": 0.010377904935983737,
  "kl_dynamics_raw_mean": 1.6153623508106365,
  "kl_representation_raw_mean": 1.6808497285370276,
  "posterior_entropy_mean": 0.2473891860566526,
  "actor_entropy_mean": 0.6179493798640269
}